---,chance,percentageChange,happiness,chips,money,hunger,thirst
win,"75","0.750000","0.000000","-25.000000","0.000000","0.000000","0.000000"
lose,"20","0.200000","1.000000","25.000000","0.000000","0.000000","0.000000"
equal,"5","0.050000","-1.000000","0.000000","0.000000","0.000000","0.000000"
