---,chance,percentageChange,happiness,chips,money,hunger,thirst
NewRow,"50","0.500000","0.000000","-100.000000","0.000000","0.000000","0.000000"
NewRow_0,"25","0.250000","0.000000","-50.000000","0.000000","0.000000","0.000000"
NewRow_1,"15","0.150000","0.000000","-10.000000","0.000000","0.000000","0.000000"
NewRow_2,"5","0.050000","1.000000","20.000000","0.000000","0.000000","0.000000"
NewRow_3,"4","0.040000","2.000000","100.000000","0.000000","0.000000","0.000000"
NewRow_4,"1","0.010000","5.000000","200.000000","0.000000","0.000000","0.000000"
