---,chance,percentageChange,happiness,chips,money,hunger,thirst
Lose,"50","0.549451","0.000000","-10.000000","0.000000","0.000000","0.000000"
Equal,"25","0.274725","-2.000000","0.000000","0.000000","0.000000","0.000000"
WinLow,"10","0.109890","1.000000","10.000000","0.000000","0.000000","0.000000"
WinMed,"5","0.054945","2.000000","100.000000","0.000000","0.000000","0.000000"
WinHigh,"1","0.010989","5.000000","1000.000000","0.000000","0.000000","0.000000"
